,景点,城市,当月销量,优惠价,价格
0,新加坡环球影城,新加坡市,10483,310.00,390.80
1,香港迪士尼乐园,香港,34568,88.00,500.00
2,幻多奇乐园,普吉,220,229.00,268.00
3,西岛,三亚,1351,48.00,645.00
4,西蒙人妖秀中心,普吉,3390,120.00,158.00
5,珠江夜游天字码头,广州,2314,88.00,88.00
6,蜈支洲岛,三亚,9576,68.00,244.00
7,S.E.A.海洋馆,新加坡市,1154,126.00,205.00
8,澳门旅游塔,澳门,551,64.00,107.00
9,华纳兄弟电影世界,黄金海岸,327,374.00,378.00
10,水上探险乐园,新加坡市,354,151.00,196.00
11,新加坡动物园,新加坡市,1002,150.00,208.00
12,广州长隆野生动物世界,广州,6044,210.00,300.00
13,暹罗海洋世界,曼谷,861,213.00,223.00
14,日本环球影城,大阪,10077,285.00,1693.00
15,清迈夜间动物园,清迈,1321,13.00,178.00
16,横店影视城,金华,7400,88.00,897.00
17,中华恐龙园,常州,7189,100.00,235.80
18,曼谷野生动物园,曼谷,930,117.00,600.00
19,河川生态园,新加坡市,902,40.00,198.00
20,新加坡夜间野生动物园,新加坡市,1393,57.00,235.00
21,东芭乐园,芭堤雅,170,60.00,75.00
22,广州长隆欢乐世界,广州,4798,175.00,250.00
23,天目湖南山竹海,常州,2979,0.90,80.00
24,鼓浪屿,厦门,2995,0.99,159.00
25,上海野生动物园,上海,10057,0.00,163.00
26,黄金海岸海洋世界,黄金海岸,265,350.00,350.00
27,珠海长隆国际海洋度假区,珠海,269,30.00,625.00
28,菲利普岛企鹅归巢公园,墨尔本,64,42.00,87.00
29,亚龙湾热带天堂森林公园,三亚,1890,95.00,356.00
30,海南分界洲岛旅游区,陵水县,1105,63.00,138.00
31,悉尼海洋生物水族馆,悉尼,268,107.00,107.00
32,珠江夜游大沙头游船码头,广州,865,88.00,108.00
33,九华山风景区,池州,13725,50.00,160.00
34,昂坪360,香港,4471,17.80,118.00
35,知音号,武汉,1197,130.00,237.00
36,印象大红袍,南平,1778,198.00,198.00
37,三头神象,曼谷,272,28.00,56.00
38,东方明珠广播电视塔,上海,19732,35.00,193.20
39,东方盐湖城·道天下,常州,2573,53.39,128.00
40,克里普索人妖秀中心,曼谷,439,175.00,175.00
41,香港海洋公园,香港,13198,71.00,295.00
42,南山文化旅游区,三亚,6412,5.00,103.00
43,广州长隆国际大马戏,广州,4340,325.00,350.00
44,暹罗古城,曼谷,703,42.00,42.00
45,蒂芬妮人妖秀中心,芭堤雅,3292,199.00,200.00
46,加州迪士尼乐园,阿纳海姆,296,150.00,1290.00
47,Do都城,杭州,260,105.00,135.00
48,婺源,上饶,251,50.00,140.00
49,华清宫,西安,2030,6.00,108.00
50,上海迪士尼度假区,上海,84005,331.00,509.00
51,广州塔,广州,4537,75.00,322.00
52,广州长隆旅游度假区,广州,233,38.00,401.00
53,长鹿旅游休博园,佛山,2141,40.00,118.00
54,西双版纳原始森林公园,西双版纳,2805,1.00,38.00
55,武夷山风景名胜区,南平,1470,40.00,386.00
56,爱宝乐园,水原,502,78.00,200.00
57,艺术科学博物馆,新加坡市,135,86.00,109.00
58,时光之翼,新加坡市,274,83.00,129.00
59,马来西亚乐高乐园,新山,143,96.00,285.00
60,黄金海岸梦幻世界主题公园,黄金海岸,59,232.00,234.00
61,星耀樟宜,新加坡市,19,26.00,28.00
62,新加坡摩天观景轮,新加坡市,482,128.00,196.00
63,千岛湖中心湖区,杭州,2519,100.00,185.00
64,新加坡鸭子船,新加坡市,896,55.00,190.00
65,哈利法塔,迪拜,430,267.00,308.00
66,天堂农庄,黄金海岸,25,185.00,187.00
67,狂野水世界,黄金海岸,80,353.00,355.00
68,杭州宋城,杭州,4462,200.00,300.00
69,涠洲岛,北海,1205,49.00,98.00
70,新加坡国家博物馆,新加坡市,313,46.00,68.00
71,西溪国家湿地公园,杭州,5353,30.00,70.00
72,广州长隆飞鸟乐园,广州,1503,70.00,100.00
73,珠海长隆海洋王国,珠海,5406,280.00,395.00
74,腾旅e卡通,武汉,940,190.00,190.00
75,清河半岛温泉,沈阳,238,179.00,179.00
76,圣淘沙斜坡滑车及空中吊椅,新加坡市,515,147.90,147.90
77,库兰达热带雨林公园,凯恩斯,6,59.00,473.00
78,博鳌亚洲论坛成立会址,琼海市,21,25.00,25.00
79,悉尼塔,悉尼,32,78.00,102.00
80,亚龙湾海底世界,三亚,58,72.00,298.00
81,白石岭旅游景区,琼海市,405,15.00,22.70
82,印象西湖·最忆是杭州实景演出,杭州,1126,288.00,340.00
83,澳门科学馆,澳门,161,27.50,27.50
84,曼谷王权云顶大京都大厦,曼谷,225,54.00,177.00
85,尼莫海豚馆,普吉,172,48.00,105.00
86,空中花园,新加坡市,212,63.00,136.00
87,新加坡缆车,新加坡市,551,72.00,93.00
88,文笔峰盘古文化旅游区,定安县,372,23.50,30.10
89,乌镇,嘉兴,8863,55.00,150.00
90,古北水镇,北京,2366,4.00,140.00
91,八达岭长城,北京,5889,7.00,40.00
92,Q1天极点观景台,黄金海岸,130,91.00,125.00
93,盈香生态园,佛山,1436,75.00,101.20
94,东京迪士尼乐园,千叶,11006,135.00,315.00
95,悉尼杜莎夫人蜡像馆,悉尼,82,116.00,140.00
96,法拉利主题公园,阿布扎比,331,289.00,549.00
97,崇圣寺三塔文化旅游区,大理,492,0.90,73.00
98,同里古镇,苏州,12080,0.90,100.00
99,贵安欢乐世界,福州,336,90.00,162.90
100,塔龙加动物园,悉尼,284,80.00,110.00
101,金东尼人妖秀中心,曼谷,1185,58.00,158.00
102,杭州野生动物世界,杭州,8510,10.00,215.00
103,万豪温泉谷,咸宁,24,89.82,89.82
104,汤山一号温泉度假区,南京,182,80.00,111.00
105,西江千户苗寨,黔东南,946,20.00,110.00
106,西递,黄山,912,92.40,92.40
107,青岛森林野生动物世界,青岛,1157,5.00,112.30
108,珠江夜游广州塔中大码头,广州,31,88.00,88.00
109,考拉保育中心,菲利普岛,16,86.00,109.00
110,蜀风雅韵,成都,244,89.99,199.99
111,金穗园温泉,厦门,56,58.00,58.00
112,三亚南田温泉好汉坡神龙谷温泉,三亚,12,54.80,117.00
113,溱湖国家湿地公园,泰州,670,40.00,69.90
114,傣族园,西双版纳,1747,32.00,38.00
115,三亚千古情,三亚,1040,280.00,280.00
116,环球动漫嬉戏谷,常州,1066,48.90,195.00
117,新加坡国家美术馆,新加坡市,528,43.00,56.00
118,天涯海角游览区,三亚,897,24.00,66.00
119,牛鱼嘴风景区,清远,39,68.00,68.00
120,桂林两江四湖景区,桂林,994,40.00,210.00
121,曲阜三孔景区,济宁,1090,5.00,80.00
122,珠海御温泉,珠海,207,119.00,188.00
123,悉尼野生动物园,悉尼,88,120.00,139.00
124,宏村景区,黄山,3145,0.99,93.40
125,开平碉楼文化旅游区,江门,307,31.00,170.00
126,杭州乐园,杭州,1236,35.00,190.00
127,长岛旅游景区,烟台,277,2.00,129.00
128,长恨歌,西安,9003,288.00,298.00
129,印象普陀,舟山,673,70.00,129.00
130,武汉欢乐谷,武汉,6850,130.00,195.00
131,武隆天生三桥风景区,重庆,305,55.00,125.00
132,丘吉尔岛传统农场,墨尔本,20,84.00,119.00
133,诺坎普球场,巴塞罗那,77,105.00,215.00
134,滨海湾花园,新加坡市,3048,35.00,165.00
135,首尔塔,首尔,124,50.00,58.00
136,三亚亚特兰蒂斯C秀,三亚,276,190.00,281.00
137,周庄,苏州,1198,7.00,100.00
138,卢浮宫,巴黎,3218,35.00,165.00
139,名古屋乐高乐园,名古屋,1758,165.00,226.00
140,南京栖霞山,南京,223,22.39,25.00
141,银子岩,桂林,4194,30.00,65.00
142,可伦宾野生动物园,黄金海岸,179,158.00,178.00
143,太平山山顶缆车,香港,14796,29.00,65.00
144,迪拜主题公园,迪拜,42,450.00,453.00
145,炭河古城,长沙,277,55.00,55.00
146,古龙峡,清远,1986,35.00,138.00
147,真理寺,芭堤雅,1736,42.00,72.00
148,巴黎迪士尼乐园,巴黎,3727,485.00,618.00
149,亚特兰蒂斯水上冒险乐园,迪拜,139,121.00,527.00
150,芦笛岩,桂林,1282,45.00,82.00
151,淹城春秋乐园,常州,484,110.00,186.00
152,野象谷景区,西双版纳,1809,48.00,54.04
153,驼铃传奇秀,西安,558,288.00,288.00
154,荆州方特东方神画,荆州,1133,199.00,280.00
155,拈花湾,无锡,2408,74.68,138.00
156,茅山风景区,镇江,1910,44.00,95.00
157,千岛湖东南湖区,杭州,1941,100.00,185.00
158,大角湾景区,阳江,181,44.00,45.62
159,朱家尖,舟山,472,10.00,218.00
160,伯纳乌球场(皇家马德里主场),马德里,40,120.00,880.00
161,Hello Kitty乐园,湖州,1955,135.00,210.00
162,相公山,桂林,525,35.00,75.00
163,南宁方特东盟神画,南宁,855,199.00,299.00
164,亚龙湾爱琴海PADI潜水度假村,三亚,322,360.00,598.00
165,郑州方特欢乐世界,郑州,562,199.00,280.00
166,明孝陵,南京,2392,6.00,63.88
167,龙水峡地缝,重庆,173,77.50,105.00
168,普吉岛暹罗梦幻剧场,普吉,1,300.00,340.00
169,上川岛,江门,175,158.76,158.87
170,费瑟黛尔野生动物园,悉尼,14,89.00,113.00
171,重庆两江游,重庆,1853,58.00,128.00
172,沈阳海洋探索中心,沈阳,49,109.00,149.00
173,四方水上市场,芭堤雅,204,13.00,29.00
174,西湖游船,杭州,1129,27.50,70.00
175,正佳极地海洋世界,广州,2160,118.00,188.00
176,阿布扎比总统府,阿布扎比,457,69.00,89.00
177,鹭江夜游,厦门,694,55.00,89.00
178,恐龙谷温泉,常州,71,98.00,98.00
179,淹城野生动物世界,常州,1505,150.00,186.00
180,锦绣中华.中国民俗文化村,深圳,1086,49.50,206.50
181,钟山风景名胜区,南京,3484,6.00,34.20
182,三清山风景名胜区,上饶,330,4.99,245.00
183,青岛海底世界,青岛,462,2.00,170.00
184,鹿回头风景区,三亚,1612,0.00,26.82
185,武汉园博园,武汉,496,3.00,50.00
186,大小洞天,三亚,729,0.00,0.00
187,湄南河游船,曼谷,209,137.00,173.00
188,曼谷梦幻世界主题公园,曼谷,38,100.00,111.00
189,遇龙河漂流,桂林,6553,45.00,45.00
190,鸭子水陆车,黄金海岸,11,140.00,170.00
191,三江森林温泉,咸宁,51,82.97,82.97
192,珍珠泉,南京,525,39.90,59.90
193,灰汤华天城温泉,长沙,2,146.90,146.90
194,茅山森林世界,常州,721,85.00,150.00
195,曼谷杜莎夫人蜡像馆,曼谷,92,74.00,126.00
196,武汉花博汇,武汉,437,28.49,52.49
197,陕州地坑院,三门峡,92,19.90,34.90
198,墨尔本乐高探索中心,墨尔本,0,139.00,139.00
199,中山泉林欢乐世界,中山,66,29.90,95.00
200,马头山,清远,75,45.00,45.00
201,无锡灵山胜境（灵山大佛）,无锡,6604,0.90,100.98
202,玉龙雪山,丽江,3683,1.00,354.00
203,芙蓉国粹,成都,53,70.00,180.00
204,阿倍野大厦,大阪,24,59.00,60.00
205,大同方特欢乐世界,大同,460,180.00,280.00
206,美高梅大酒店KA剧场,拉斯维加斯,132,760.00,760.00
207,阿尔卑斯冰雪世界,深圳,89,55.00,55.00
208,南昌融创乐园,南昌,483,60.00,99.00
209,天露山旅游度假区,云浮,645,37.98,45.00
210,天目湖山水园,常州,1055,60.00,106.00
211,千岛湖森林氧吧,杭州,67,27.00,40.00
212,灵隐飞来峰,杭州,450580,22.50,45.00
213,千岛湖水之灵,杭州,98,129.00,210.00
214,下川岛,江门,326,113.70,287.90
215,西樵山国艺影视城,佛山,410,65.00,84.69
216,天津方特欢乐世界,天津,820,3.00,275.99
217,圣西罗球场,米兰,41,158.00,500.00
218,三亚水稻国家公园,三亚,47,40.00,70.00
219,丽江千古情,丽江,1001,280.00,280.00
220,塔川,黄山,16,32.70,32.70
221,瘦西湖,扬州,8191,6.00,97.85
222,千岛湖天迹热气球俱乐部,杭州,39,198.00,298.00
223,绿山国家动物园,芭堤雅,8,27.90,39.00
224,锦江乐园,上海,1002,80.00,123.00
225,西塘,嘉兴,655,85.00,95.00
226,长沙方特东方神画,长沙,332,198.00,280.00
227,大明寺,扬州,778,2.00,42.98
228,尤利卡88观景台,墨尔本,14,83.00,113.00
229,株洲方特梦幻王国,株洲,250,199.00,299.00
230,龙脊梯田,桂林,1196,25.00,130.00
231,胡里山炮台,厦门,375,9.90,21.60
232,老特拉福德球场(曼联主场),曼彻斯特,8,328.00,1370.00
233,顺德欢乐海岸PLUS,佛山,946,47.90,54.70
234,阿提哈德球场(曼城主场),曼彻斯特,63,238.00,2570.00
235,凤凰古城,湘西,102,3.00,128.00
236,罗摩衍那水上乐园,芭堤雅,11,149.00,198.00
237,鸭子水陆车,黄金海岸,11,140.00,170.00
238,三江森林温泉,咸宁,51,82.97,82.97
239,珍珠泉,南京,525,39.90,59.90
240,灰汤华天城温泉,长沙,2,146.90,146.90
241,茅山森林世界,常州,721,85.00,150.00
242,曼谷杜莎夫人蜡像馆,曼谷,92,74.00,126.00
243,武汉花博汇,武汉,437,28.49,52.49
244,陕州地坑院,三门峡,92,19.90,34.90
245,IMG冒险乐园,迪拜,37,331.00,331.00
246,墨尔本乐高探索中心,墨尔本,0,139.00,139.00
247,中山泉林欢乐世界,中山,66,29.90,95.00
248,锦里沟,武汉,69,35.00,60.00
249,芭堤雅海底世界,芭堤雅,29,36.00,55.00
250,晴空塔,东京,123,39.00,133.00
251,天龙八部影视城,大理,196,38.00,38.00
252,墨尔本水族馆,墨尔本,24,120.00,146.00
253,亚特兰蒂斯度假区,三亚,9,162.00,162.00
254,圣家族大教堂,巴塞罗那,6409,20.00,105.00
255,尼山圣境景区,济宁,2021,80.00,82.80
256,COEX水族馆,首尔,157,104.00,122.90
257,疏芬山,巴拉瑞特,10,98.00,184.00
258,桂林独秀峰王城景区,桂林,121,50.00,89.00
259,魅力湘西,张家界,243,228.00,228.00
260,黄鹤楼,武汉,3707,6.00,64.00
261,威尼斯人贡多拉船,澳门,110,85.00,110.00
262,米兰大教堂,米兰,388,85.00,195.00
263,南诏风情岛,大理,81,48.00,48.00
264,柯岩风景区,绍兴,1804,20.00,86.80
265,深圳野生动物园,深圳,2730,137.90,196.87
266,凤翔首邑温泉,福州,8,68.00,99.00
267,灵秀温泉,乐山,23,97.00,97.00
268,帝国大厦,纽约,908,90.00,90.00
269,海南热带野生动植物园,海口,1606,84.80,134.00
270,狮门娱乐天地,珠海,32,110.00,110.00
271,朝天宫,南京,75,10.00,23.00
272,米拉之家,巴塞罗那,3961,58.00,179.00
273,桂林千古情,桂林,775,280.00,280.00
274,江西明月山天沐温泉,宜春,125,103.90,103.90
275,横店梦幻谷,金华,483,150.00,265.00
276,天目湖御水温泉,常州,374,128.00,198.00
277,武陵源风景名胜区,张家界,1679,33.00,227.00
278,感通索道门票,大理,112,42.00,99.00
279,龙眼摩天轮,常州,42,83.00,83.00
280,青岛方特梦幻王国,青岛,544,170.00,240.00
281,象鼻山景区,桂林,4655,0.00,0.00
282,上海世嘉都市乐园,上海,106,95.00,150.00
283,梦幻百花洲,东莞,570,24.90,49.90
284,无锡融创海世界,无锡,1773,6.10,150.00
285,首尔63大厦,首尔,8,65.00,65.00
286,潭溪山,淄博,52,37.88,37.88
287,世茂云上厦门观光厅,厦门,154,79.50,160.00
288,巴特略之家,巴塞罗那,3368,58.00,198.00
289,双威水上乐园,吉隆坡,76,85.00,288.00
290,张家界天门狐仙实景演出,张家界,150,112.27,128.00
291,茂名浪漫海岸国际旅游度假区,茂名,267,35.00,70.00
292,天目湖旅游度假区,常州,160,230.00,230.00
293,北固山公园,镇江,2708,20.00,35.90
294,岳飞庙,安阳,120,38.00,38.00
295,万福温泉,张家界,1,69.00,90.91
296,拉差达慕泰拳馆,曼谷,561,285.00,285.00
297,羑里城,安阳,93,34.40,34.40
298,沈阳方特欢乐世界,沈阳,1281,159.00,280.00
299,海之语海洋世界,海口,110,48.10,86.00
300,碧湖温泉,辽阳,44,41.80,66.00
301,太平洋海底世界博览馆,北京,193,66.90,85.04
302,红峡谷文化旅游风景区,五指山市,19,38.00,168.00
303,广州热雪奇迹,广州,629,138.00,9999.00
304,济州乱打秀剧场,济州岛,38,155.00,155.00
305,宁波方特东方神画,宁波,1882,210.00,280.00
306,厦门方特梦幻王国,厦门,913,220.00,299.00
307,珀斯巴瑟尔顿栈桥,珀斯,2,38.00,165.00
308,杭州烂苹果乐园,杭州,552,140.00,140.00
309,樱桃汤泉,长春,0,19.00,49.00
310,李中水上森林公园,泰州,309,48.50,48.50
311,大连海昌发现王国主题公园,大连,698,137.00,247.40
312,石公山,苏州,154,43.00,44.55
313,株洲方特欢乐世界,株洲,240,199.00,299.00
314,六本木之丘,东京,83,35.00,35.00
315,新加坡杜莎夫人蜡像馆,新加坡市,18,129.00,148.00
316,郑州方特梦幻王国,郑州,325,199.00,280.00
317,悉尼歌剧院,悉尼,45,102.00,197.00
318,济南方特东方神画,济南,291,180.00,280.00
319,MAX泰拳体育馆,芭堤雅,707,240.00,240.00
320,仙岛湖风景区,黄石,278,75.00,108.00
321,何园,扬州,899,2.50,41.78
322,个园,扬州,616,0.90,42.70
323,绿色星球,迪拜,7,219.00,245.00
324,威勒比开放式动物园,墨尔本,7,99.00,148.00
325,中南百草原,湖州,2619,100.00,180.00
326,绍兴乔波冰雪世界,绍兴,654,228.00,228.00
327,iFly新加坡,新加坡市,1,486.00,486.00
328,宁波野生动物园,宁波,2658,59.00,121.30
329,新银盏温泉度假村,清远,35,153.94,153.94
330,卢村,黄山,19,42.40,42.40
331,天柱山欢乐大世界,漳州,733,90.00,350.00
332,南社明清古村落,东莞,166,12.00,24.00
333,彦根城,滋贺,0,7.00,35.00
334,迪拜滑雪场,迪拜,4,351.00,381.00
335,横店秦王宫,金华,711,90.00,162.00
336,横店明清宫苑,金华,815,90.00,165.00
337,横店清明上河图,金华,753,90.00,175.00
338,横店广州街·香港街,金华,433,90.00,165.00
339,龙虎山,南宁,49,53.80,53.80
340,武汉木兰草原,武汉,20064,20.00,40.00
341,罗马城市一卡通,罗马,4,235.00,245.00
342,墨尔本动物园,墨尔本,38,98.00,148.00
343,龙山温泉,云浮,48,60.00,94.70
344,观澜湖火山岩温泉,海口,61,84.00,138.00
345,沈阳乐高探索中心,沈阳,17,138.00,138.00
346,温莎城堡,伦敦,22,132.00,246.00
347,翡翠谷,黄山,139,44.00,55.00
348,螺髻山,凉山,61,90.00,218.60
349,半岭温泉,三亚,15,32.00,89.00
350,广州融创乐园,广州,414,59.00,208.00
351,开封大宋东京梦华,开封,584,249.00,249.00
352,木坑竹海,黄山,142,31.90,31.90
353,澜沧江·湄公河之夜歌舞篝火晚会,西双版纳,421,188.60,188.60
354,明月千古情,宜春,176,140.00,140.00
355,大连老虎滩海洋公园,大连,492,179.00,179.00
356,伦敦眼,伦敦,469,115.00,120.00
357,斯坦福桥球场(切尔西主场),伦敦,4,199.00,268.00
358,南屏,黄山,102,22.00,36.00
359,梵高博物馆,阿姆斯特丹,929,20.00,229.00
360,关林,洛阳,66,38.99,38.99
361,珠江夜游南海神广州日报号,广州,16,88.00,118.00
362,史努比缤纷世界,佛山,205,81.00,104.00
363,呀诺达雨林文化旅游区,保亭县,260,45.00,189.00
364,泰安方特欢乐世界,泰安,263,180.00,240.00
365,喷射飞航港澳往返,澳门,342,195.00,195.00
366,东滩湿地公园,上海,311,27.00,41.90
367,尤文图斯球场(尤文图斯主场),都灵,1,188.00,1380.00
368,广州融创水世界,广州,329,59.00,93.50
369,张家界千古情,张家界,132,278.00,278.00
370,千岛湖钓鱼岛,杭州,32,98.00,105.00
371,青城道温泉,成都,17,125.00,125.00
372,翔顺龙山酒店温泉,云浮,3,45.00,98.00
373,厦门方特东方神画,厦门,269,220.00,299.00
374,浪口森林温泉,咸宁,0,74.99,74.99
375,美国自然历史博物馆,纽约,165,60.00,115.00
376,南昆山大观园生态度假区,惠州,186,54.00,86.00
377,南京汤山紫清湖旅游区,南京,157,106.00,156.00
378,马丘比丘,库斯科,3,360.00,575.00
379,好莱坞环球影城,洛杉矶,1498,350.00,788.00
380,广州长隆水上乐园,广州,1645,69.00,119.00
381,百鸟岩景区,河池,118,72.00,72.00
382,西游记公园,随州,83,91.99,91.99
383,南昌融创海世界,南昌,674,98.00,98.00
384,七仙岭温泉国家森林公园,保亭县,90,23.57,23.57
385,溱潼古镇,泰州,188,20.00,31.00
386,印象刘三姐,桂林,1549,118.00,218.00
387,亚龙湾国际玫瑰谷,三亚,9,38.00,43.00
388,连州地下河,清远,267,101.88,105.00
389,浮梁古县衙,景德镇,98,37.00,37.00
390,大自然健康浴馆（蓉花路店）,潍坊,0,59.00,419.00
391,阿姆斯特丹国立博物馆,阿姆斯特丹,481,15.00,160.00
392,圣天使城堡,罗马,16,23.00,128.00
393,狂欢水世界,海口,132,28.00,67.00
394,日光江户村,栃木,2,153.00,275.00
395,唐模,黄山,9,64.50,64.50
396,红秀延安延安,延安,3,84.00,259.00
397,奥赛博物馆,巴黎,687,120.00,120.00
398,新加坡河游船,新加坡市,61,84.00,145.00
399,五指山热带雨林风景区,五指山市,136,27.90,27.90
400,碧提宮,佛罗伦萨,8,35.00,218.00
401,水云间•悦假日酒店温泉,盘锦,0,26.00,51.00
402,汉秀剧场,武汉,111,495.00,495.00
403,横店梦外滩影视主题公园,金华,410,90.00,165.00
404,海南槟榔谷黎苗文化旅游区,三亚,521,40.00,80.00
405,黄金河度假村,烟台,128,40.00,65.00
406,大连东泉温泉,大连,32,89.80,89.80
407,马来西亚乐高水上乐园,新山,1,199.00,230.00
408,伦敦城市通票,伦敦,128,455.00,688.00
409,曼听公园,西双版纳,4014,0.90,34.97
410,高原明珠,西宁,4,20.00,20.00
411,芜湖方特梦幻王国,芜湖,864,190.00,260.00
412,凯悦莱会议中心酒店温泉,北京,4,29.90,68.70
413,汕头方特欢乐世界蓝水星,汕头,68,120.00,189.00
414,华山风景名胜区,渭南,798,6.00,479.00
415,上海海昌海洋公园,上海,5746,54.00,295.00
416,秦始皇帝陵博物院（兵马俑）,西安,6999,28.00,120.00
417,杭州动物园,杭州,1536,3.00,20.00
418,深圳世界之窗,深圳,3683,83.83,209.00
419,东部华侨城大侠谷,深圳,698,20.00,159.50
420,罗蒙环球乐园,宁波,1602,114.00,215.00
421,象山影视城,宁波,866,69.00,138.00
422,南浔古镇,湖州,2158,24.50,71.99
423,光明农场大观园,深圳,462,39.00,65.00
424,东平国家森林公园,上海,778,40.00,40.00
425,长沙世界之窗,长沙,953,3.00,200.00
426,美林湖温泉,清远,124,81.00,118.00
427,厦门钟鼓索道,厦门,666,80.00,80.00
428,世外桃源,桂林,91,53.30,53.30
429,海口天鹅湖动物基地,海口,459,10.00,75.58
430,华谊兄弟电影乐园,苏州,914,108.00,196.80
431,江南天池,湖州,261,70.00,70.00
432,大都会艺术博物馆,纽约,1014,45.00,45.00
433,百乐宫O剧场,拉斯维加斯,296,998.00,998.00
434,西山,昆明,275,13.00,67.00
435,青秀山风景区,南宁,1969,1.00,20.00
436,剑门关,广元,803,1.00,100.00
437,光明生态旅游区,深圳,5,63.00,63.00
438,法门寺文化景区,宝鸡,359,0.90,96.80
439,长沙海底世界,长沙,799,75.00,150.00
440,重庆南山海昌汤都,重庆,141,49.00,96.00
441,青岛啤酒博物馆,青岛,1181,3.00,57.80
442,常州淹城遗址公园,常州,204,10.00,20.00
443,东江印象特色农业园,东莞,57,37.90,37.90
444,中山影视城,中山,44,60.00,60.00
445,九峰森林动物园,武汉,106,28.00,55.00
446,焦山,镇江,991,56.00,56.00
447,洛克菲勒中心,纽约,522,60.00,60.00
448,武汉亲子旅游年票,武汉,0,198.00,198.00
449,杭州植物园,杭州,219,5.00,9.99
450,嘉峪关方特丝路神画,嘉峪关,353,199.00,280.00
451,大相国寺,开封,480,2.00,34.00
452,慈城,宁波,9,35.00,65.00
453,兴隆热带植物园,万宁市,102,40.00,40.00
454,南京中南玄武湖乐园,南京,84,60.00,83.00
455,东京迪士尼海洋乐园,千叶,218,285.00,315.00
456,狮子山风景区,丽江,142,27.90,27.90
457,江扬天乐湖嬉乐谷,扬州,48,69.00,138.00
458,东山雕花楼,苏州,77,55.00,55.00
459,龙门海洋馆,洛阳,265,40.00,62.00
460,墨尔本博物馆,墨尔本,12,50.00,50.00
461,吴哥国家博物馆,暹粒,9,40.00,79.00
462,南昌之星摩天轮,南昌,267,48.00,48.00
463,美龄宫,南京,567,29.80,29.80
464,龙柏考拉动物园,布里斯班,18,159.00,218.00
465,瑞祥国际酒店汤泉,唐山,0,29.00,29.00
466,怪坡,沈阳,49,33.70,33.70
467,锦绣香江温泉城,广州,74,49.00,99.50
468,澳门巴黎铁塔,澳门,73,55.00,55.00
469,龙归寨瀑布,梅州,140,24.19,45.58
470,西夏陵国家考古遗址公园,银川,327,75.00,84.50
471,五缘湾帆船港,厦门,571,44.00,44.00
472,大连森林动物园,大连,2877,28.00,113.30
473,少华山国家森林公园,渭南,19,31.00,54.00
474,太平湖,黄山,155,35.00,63.00
475,万安山野生动物欢乐世界,洛阳,3,16.70,16.70
476,渔歌小镇花之港,金华,1,55.00,55.00
477,龙口动植物园,烟台,108,26.00,53.99
478,林屋洞,苏州,20,31.99,31.99
479,穹窿山,苏州,447,17.00,80.00
480,重元寺,苏州,579,0.90,12.56
481,圣礼拜堂,巴黎,36,69.00,69.00
482,大皇宫,曼谷,118,155.00,166.00
483,成都市植物园,成都,170,1.00,9.99
484,锦江温泉,江门,86,69.00,80.00
485,高家大院,西安,140,15.00,15.00
486,悉尼和邦迪随上随下巴士,悉尼,1,186.00,265.00
487,滇池,昆明,33,80.00,151.00
488,建业电影小镇,郑州,208,65.00,98.00
489,英山洪广毕升温泉度假村,黄冈,4,74.00,74.00
490,金山公园,镇江,4066,55.00,55.00
491,愤怒鸟游乐中心,澳门,18,96.00,96.00
492,未来动物城动物主题公园,沈阳,7,58.00,59.00
493,墨尔本树顶探险公园,墨尔本,0,67.00,87.00
494,天德湖温泉,泰州,0,67.00,67.00
495,融汇温泉,重庆,16,155.00,155.00
496,春秋都市旅游观光巴士,上海,93,57.00,57.00
497,中国渔村,宁波,199,43.00,43.00
498,光福景区,苏州,0,13.50,17.90
499,勐泐大佛寺,西双版纳,156,104.50,108.00
500,黄公望隐居地,杭州,92,23.00,43.00
501,芝加哥探索者通票,芝加哥,0,365.00,530.00
502,奥兰多迪士尼乐园,奥兰多,859,720.00,720.00
503,济州Aqua Planet水族馆,济州岛,166,148.00,154.00
504,西双版纳热带雨林国家公园望天树景区,西双版纳,104,170.00,170.00
505,揽翠湖天沐温泉度假村,潍坊,3,68.80,68.80
506,纽约现代艺术博物馆,纽约,338,60.00,65.00
507,关中民俗艺术博物院,西安,5,99.80,99.80
508,乌菲兹美术馆,佛罗伦萨,376,39.00,268.00
509,天目大峡谷,杭州,64,76.90,76.90
510,暹罗水上乐园,曼谷,35,77.00,105.00
511,珠山国家森林公园,青岛,41,3.00,34.80
512,上羚羊谷,佩吉市,56,1050.00,1050.00
513,万达大都会球场,马德里,18,198.00,370.00
514,长沙摩天轮,长沙,42,63.00,63.00
515,上海大观园,上海,305,0.90,27.00
516,凡尔赛宫,凡尔塞,617,80.00,243.00
517,清迈暹罗龙人妖秀中心,清迈,131,36.00,76.00
518,南昌之星游乐园,南昌,21,48.00,86.00
519,朱家尖大青山景区,舟山,15623,50.00,100.00
520,水晶宫,河池,41,117.00,117.00
521,殷墟,安阳,413,3.00,62.89
522,国家海事博物馆,悉尼,5,67.00,109.00
523,聚龙湾天然温泉度假村,清远,53,45.00,83.95
524,武汉海昌极地海洋公园,武汉,481,129.00,240.00
525,大报恩寺遗址景区,南京,833,1.00,85.00
526,英山四季花海,黄冈,50,57.99,57.99
527,南岸摩天轮,布里斯班,0,77.00,87.00
528,帝都温泉,江门,46,58.00,58.00
529,大自然健康浴馆（蓉花路店）,潍坊,0,59.00,419.00
530,阿姆斯特丹国立博物馆,阿姆斯特丹,481,15.00,160.00
531,林丰温泉度假山庄,惠州,0,99.00,99.00
532,圣天使城堡,罗马,16,23.00,128.00
533,老码头,大连,379,26.00,26.00
534,爬行动物公园,悉尼,4,120.00,205.00
535,牛背梁国家森林公园,商洛,145,80.00,100.00
536,横琴湾水世界,珠海,12,63.00,90.00
537,狂欢水世界,海口,132,28.00,67.00
538,日光江户村,栃木,2,153.00,275.00
539,唐模,黄山,9,64.50,64.50
540,红秀延安延安,延安,3,84.00,259.00
541,库兰达考拉公园,凯恩斯,8,47.00,88.00
542,奥赛博物馆,巴黎,687,120.00,120.00
543,新加坡河游船,新加坡市,61,84.00,145.00
544,五指山热带雨林风景区,五指山市,136,27.90,27.90
545,逍遥湖景区,桂林,40,19.00,19.00
546,西安幻太奇梦幻海洋馆,西安,41,41.00,79.00
547,临沂动植物园,临沂,246,8.99,45.00
548,福泉山,宁波,28,25.00,44.00
549,双乳峰景区,黔西南,0,48.00,48.00
550,东方文化园,杭州,29,67.00,67.00
551,沂蒙山银座天蒙旅游区,临沂,38,4.00,77.00
552,宁波九龙湖旅游度假区,宁波,187,37.90,53.00
553,湖北旅游年卡,武汉,6,300.00,300.00
554,灵山寺,洛阳,34,18.00,28.00
555,木兰清凉寨,武汉,34,30.00,49.80
556,圣淘沙4D探险乐园,新加坡市,14,118.00,196.00
557,老乐山,驻马店,88,24.79,47.70
558,中央电视塔,北京,195,42.60,80.20
559,洞天仙境,清远,354,72.00,72.00
560,冲绳美丽海水族馆,冲绳,11,35.00,76.00
561,东莞海立方环游城,东莞,31,54.00,54.00
562,东莞香市动物园,东莞,538,80.00,109.00
563,交河故城,吐鲁番,132,64.00,84.00
564,世界蝴蝶生态园,昆明,0,80.00,90.00
565,佩纳宫,里斯本,27,68.00,110.00
566,临沂龙园休闲度假农庄,临沂,88,33.45,53.88
567,班各拉泰拳馆,普吉,28,170.00,320.00
568,永泰欧乐堡海洋世界,福州,1839,117.00,176.00
569,芭堤雅3D天堂艺术馆,芭堤雅,2,38.00,44.00
570,独乐寺,天津,106,1.00,40.00
571,别府地狱温泉,别府,0,52.00,114.00
572,王子公园球场,巴黎,8,200.00,1880.00
573,大明宫国家遗址公园,西安,911,1.00,60.00
574,巴塞罗那圣十字圣保罗医院,巴塞罗那,61,74.00,113.00
575,西递石林,黄山,13,42.00,42.00
576,龙潭大峡谷,洛阳,119,69.00,69.00
577,西安华夏文旅海洋公园,西安,82,59.90,218.00
578,圣保罗大教堂,伦敦,9,69.00,176.00
579,无锡花千谷主题乐园,无锡,12,50.00,59.90
580,青曲社(鼓楼店),西安,26,102.00,102.00
581,苏州太湖湖滨国家湿地公园,苏州,51,7.10,9.50
582,济南植物园,济南,78,27.50,27.50
583,天堂寨风景区,六安,927,85.00,85.00
584,东方绿舟景区,上海,1492,0.90,42.00
585,蓝山风景世界,悉尼,172,138.00,184.00
586,压油沟景区,临沂,275,42.60,42.60
587,京都岚山保津川游船,京都,0,185.00,277.00
588,青铜山大峡谷,济南,211,50.00,96.80
589,巴拉瑞特野生动物园,巴拉瑞特,0,65.00,130.00
590,南京汤山矿坑公园,南京,25,28.00,49.00
591,地王观光,深圳,10,70.00,70.00
592,鼓浪屿贝壳梦幻世界,厦门,3,28.00,43.40
593,武功山君澜温泉,萍乡,0,114.00,114.00
594,皇家海洋乐园,抚顺,1414,9.90,219.99
595,黄崖关长城,天津,583,2.80,75.00
596,普吉镇中央商场海洋馆,普吉,5,95.00,145.00
597,希尔维斯威尔野生动物园,墨尔本,1,85.00,160.00
598,长谷洞天,湖州,241,24.50,24.50
599,凌奥国际酒店温泉,天津,2,59.00,138.00
600,龙翔谷温泉,江门,38,68.00,68.00
601,武汉城市圈旅游e卡通,武汉,105,190.00,190.00
602,打鼓岭,黄山,14,42.50,42.50
603,英德峰林晓镇,清远,124,60.00,60.00
604,富贵黄金屋,芭堤雅,30,45.00,128.00
605,溪山温泉,福州,17,99.00,99.00
606,泰迪熊博物馆,海口,2,48.00,72.00
607,新加坡特丽爱3D美术馆,新加坡市,2,96.00,105.00
608,广州珠江夜游,广州,1849,88.00,118.00
609,石牛寨国家地质公园,岳阳,47,5.00,138.00
610,碧波泉水城,上海,1,53.00,53.00
611,春都温泉,阳江,0,39.50,51.80
612,拉斯维加斯摩天轮,拉斯维加斯,60,99.00,189.00
613,南昌舰,南昌,122,22.50,42.50
614,济南动物园,济南,1630,2.00,22.40
615,嘉峪关方特欢乐世界,嘉峪关,128,130.00,180.00
616,圣亚海洋世界,大连,839,114.88,229.82
617,西湖外事游船,杭州,30,45.00,45.00
618,清东陵,唐山,206,2.50,110.00
619,纽约探索者通票,纽约,0,375.00,885.00
620,马氏庄园,安阳,4,39.90,39.90
621,屏山村,黄山,5,42.00,42.00
622,苍山洗马潭索道,大理,269,310.00,310.00
623,熙和湾客乡文化旅游产业园,梅州,21,50.00,64.91
624,苏州太湖旅游年卡,苏州,21,146.00,148.00
625,巴黎古监狱,巴黎,5,92.00,92.00
626,黄帝陵,延安,253,2.50,69.90
627,塔尔寺,西宁,272,6.00,73.80
628,上海世嘉都市乐园,上海,0,105.00,160.00
629,山湖温泉,咸宁,8,64.60,64.60
630,马仁奇峰,芜湖,180,20.00,133.00
631,梵高星空艺术馆,珠海,18,27.80,37.00
632,赐福湖长寿岛,河池,31,68.50,128.00
633,川南大草原,内江,48,29.00,37.50
634,清迈塔佩泰拳馆,清迈,63,118.00,118.00
635,中山温泉,中山,7,109.90,109.90
636,东莞东城水立方,东莞,3,28.57,28.57
637,富国海底世界,北京,60,64.95,89.00
638,澳门环岛游湾仔旅游码头,珠海,42,89.00,158.00
639,文森之家,巴塞罗那,68,115.00,125.00
640,三水芦苞温泉度假村,佛山,98,46.00,72.50
641,亚斯岛华纳兄弟主题乐园,阿布扎比,28,515.00,515.00
642,花开海上生态园,上海,25,28.80,28.80
643,青岛德国监狱旧址博物馆,青岛,25,7.00,23.00
644,雁鸣湖凌云温泉,郑州,4,58.00,59.00
645,雁南飞茶田景区,梅州,133,68.89,68.89
646,云天海温泉,韶关,0,34.00,62.00
647,六朝博物馆,南京,131,27.00,27.00
648,广垦国家热带农业公园,茂名,41,18.00,18.00
649,天鹅湖休闲酒店汤泉（佛山店）,佛山,0,126.00,411.00
650,维多利亚水会,盐城,0,9.90,28.00
651,瑶池御水（营口店）,营口,0,25.00,28.00
652,白水寨嘉华温泉,广州,11,88.00,88.00
653,金华双龙风景旅游区,金华,1920,60.00,113.90
654,同安影视城,厦门,45,20.00,40.00
655,重庆汉海海洋公园,重庆,209,90.00,141.80
656,青岛西海岸生态观光园,青岛,31,33.50,33.50
657,黎坪国家森林公园,汉中,24,110.00,110.00
658,武汉东湖海洋世界,武汉,153,72.40,128.00
659,卡皮拉诺吊桥公园,温哥华,6,180.00,180.00
660,银河之星假日酒店汤泉,石家庄,0,49.00,59.90
661,熹乐谷温泉度假酒店温泉,清远,66,48.00,117.00
662,圣淘沙蹦极跳中心,圣淘沙,0,73.00,73.00
663,澳门百老汇,澳门,5,38.00,38.00
664,康百万庄园,郑州,126,26.00,48.00
665,大悦城屋顶摩天轮,上海,23,60.00,70.00
666,中南·海知音时尚水疗会所,郑州,0,22.00,236.00
667,故乡里,清远,17,36.80,56.40
668,六和塔,杭州,77,5.00,20.00
669,九龙瀑,黄山,32,40.00,60.00
670,珀斯动物园,珀斯,6,69.00,138.00
671,华侨城欢乐海岸,深圳,124,38.00,38.00
672,天香园,南昌,59,17.00,32.00
673,袁家村关中大观园,咸阳,14,8.50,38.00
674,长影旧址博物馆,长春,165,72.00,72.00
675,国家兰花园,新加坡市,8,41.00,41.00
676,国家地理探险家中心,沈阳,8,163.00,163.00
677,通天峡,长治,43,86.90,171.00
678,威尼斯水世界大酒店汤泉（石家庄店）,石家庄,4,38.00,47.00
679,金牛湖景区,南京,14,20.00,35.00
680,成都海昌极地海洋公园,成都,421,70.00,249.00
681,阳光海岸sea水族馆,布里斯班,0,80.00,80.00
682,夜游三亚湾,三亚,20,85.00,99.00
683,克莱兰德野生动物园,阿德莱德,5,58.00,124.00
684,同州沙漠旅游景区,渭南,3,28.00,228.00
685,国家大剧院,北京,121,15.00,30.00
686,翠林云庄,青岛,65,34.80,49.80
687,平山湖大峡谷,张掖,79,120.00,328.00
688,天门山,福州,60,68.00,228.00
689,花都国际温泉度假小镇,许昌,15,44.90,86.90
690,凯旋门,巴黎,121,78.00,88.00
691,金丝峡,商洛,64,30.00,99.00
692,宝墨园,广州,599,27.00,44.70
693,矿疗温泉,宜春,15,110.99,110.99
694,伍山石窟,宁波,16,68.00,68.00
695,翠华山•秦岭终南山世界地质公园,西安,764,30.00,64.89
696,沙坡头旅游景区,中卫,13495,10.00,80.00
697,锦溪古镇,苏州,72,37.80,37.80
698,青岛红树林度假世界,青岛,18,74.80,74.80
699,巴黎博物馆通票,巴黎,83,435.00,440.00
700,多福山国际养生旅游度假区,威海,9,33.99,57.90
701,亚瑟鹰缆车,墨尔本,0,78.00,116.00
702,甪直古镇,苏州,47,39.00,55.00
703,集发农业梦想王国,秦皇岛,366,54.29,70.88
704,阿姆斯特丹运河游船,阿姆斯特丹,29,58.00,95.00
705,天鹅湖大酒店汤泉（石家庄店）,石家庄,6,45.00,49.00
706,迪拜金相框,迪拜,14,77.00,88.00
707,七叠温泉,福州,12,48.00,89.00
708,杭州少年儿童公园,杭州,68,7.50,15.00
709,澳大利亚通票,悉尼,0,325.00,435.00
710,玉皇山公园,杭州,21,5.00,10.00
711,新加坡科学馆,新加坡市,163,58.00,65.00
712,大角湾冰雪王国,阳江,0,46.00,76.00
713,恩施土司城,恩施,144,20.00,40.00
714,百丈漈,温州,962,32.90,54.30
715,镜花缘,河源,67,21.00,31.69
716,下羚羊谷,佩吉市,137,426.00,585.00
717,临沂海洋世界主题公园,临沂,548,48.90,74.20
718,亚斯水上乐园,阿布扎比,2,417.00,417.00
719,欢乐海岸海洋奇梦馆,深圳,158,70.00,70.00
720,猎人谷花园,悉尼,0,112.00,152.00
721,顺德海立方海洋公园,佛山,293,50.00,50.00
722,关门山国家森林公园,本溪,40,80.80,80.80
723,漓江风景名胜区,桂林,195,126.00,235.00
724,皇帝洞大峡谷,福州,13,27.00,55.00
725,芝加哥建筑群游船,芝加哥,37,105.00,235.00
726,阳朔燕莎航空运动营地,桂林,91,99.00,99.00
727,喜力啤酒博物馆,阿姆斯特丹,5,2.00,165.00
728,漓江冠岩,桂林,14,45.00,45.00
729,秀峰,九江,58,30.00,56.99
730,延安保育院,延安,6,195.00,195.00
731,珠海海泉湾,珠海,56,68.00,145.70
732,海洋之窗,北海,12,95.00,145.00
733,藏龙百瀑,湖州,286,42.00,60.00
734,JR Pass 关西铁路周游券,大阪,0,245.00,515.00
735,天马山,茂名,4,26.80,52.80
736,药王山,铜川,0,60.00,60.00
737,黄酒博物馆,绍兴,40,13.00,22.50
738,新丰江源温泉,韶关,0,52.00,68.00
739,西影电影博物馆,西安,38,23.98,82.00
740,库兰达蝴蝶生态馆,库兰达,0,68.00,87.00
741,天际100观景台,香港,184,64.00,93.00
742,水帘峡,济南,4,38.90,38.90
743,天子驾六博物馆,洛阳,104,22.10,22.10
744,崆峒岩风景区,阳江,72,22.00,22.00
745,桃花岛,舟山,132,42.00,47.00
746,怪石岭,南昌,75,35.00,41.90
747,春湾风景区,阳江,73,20.00,34.33
748,阿卡萨人妖秀,芭堤雅,83,101.00,101.00
749,瓦伦西亚海洋公园,瓦伦西亚,3,219.00,299.00
750,水之淼汤泉宫,盐城,1,19.90,49.00
751,丹嫩沙多水上集市,曼谷,2,185.00,185.00
752,逍遥谷,中山,3,33.00,33.00
753,梅花洲,嘉兴,37,19.00,41.00
754,热血传奇泰拳馆,曼谷,0,145.00,145.00
755,七星景区,桂林,194,50.00,72.98
756,浙西大龙湾,杭州,1,66.00,69.50
757,清西陵景区,保定,112,6.00,103.00
758,天然地下画廊,临沂,7,64.70,64.70
759,霍夫堡,维也纳,28,99.00,148.00
760,毅华假日酒店温泉,广州,0,58.00,58.00
761,济州岛凯蒂猫乐园,济州岛,5,53.00,68.00
762,梦里老家,上饶,8,153.00,162.00
763,木兰天池,武汉,274,35.00,60.00
764,中华泰山封禅大典,泰安,236,138.00,168.00
765,南山温泉,西安,0,84.00,128.00
766,八达岭水关长城,北京,195,0.00,35.00
767,华怡温泉,昆明,1,98.00,98.00
768,济南野生动物世界,济南,272,6.00,148.00
769,巴黎塞纳河游船,巴黎,4349,39.00,49.00
770,红花郎号,广州,0,88.00,88.00
771,科技馆,墨尔本,0,60.00,60.00
772,帕罗尼拉公园,凯恩斯,1,123.00,221.00
773,磁山温泉,烟台,41,38.00,95.00
774,火焰山大景区,吐鲁番,16,35.00,35.00
775,清湖洗浴,天津,0,22.00,187.00
776,蓬皮杜中心,巴黎,126,108.00,108.00
777,三亚湾红树林探险王国童玩中心,三亚,12,77.00,77.00
778,金太阳温泉山庄,长沙,0,119.80,119.80
779,麦克赛尔品川王子大饭店水族馆,东京,0,40.00,40.00
780,芜湖方特东方神画,芜湖,628,210.00,280.00
781,秋沟,新乡,6,45.00,45.00
782,悦兮半岛国际温泉度假村,荆州,42,80.00,89.82
783,金子山原生态风景区,清远,15,56.00,163.00
784,京都塔观景台,京都,0,33.00,47.00
785,合肥融创乐园,合肥,578,98.00,158.00
786,太湖湾露营谷,常州,188,34.00,62.80
787,仙女山国家森林公园,重庆,188,25.00,50.00
788,古埃尔公园,巴塞罗那,271,45.00,65.00
789,元谋土林风景区,楚雄,13,36.00,70.00
790,哈悦溪水汇,哈尔滨,0,7.00,15.00
791,名华四季国际温泉会所,北京,0,219.00,219.00
792,嘉佑汗蒸,石家庄,0,24.90,28.00
793,苏州在水一方汗蒸广场,苏州,0,9.90,78.00
794,金色海洋养生馆,哈尔滨,7,29.00,107.00
795,威尼斯温泉会馆(营口店),营口,0,28.00,28.00
796,温莎池典洗浴中心,盘锦,0,24.00,34.00
797,HEP FIVE 摩天轮,大阪,4,32.00,32.00
798,雪山彩虹谷,临沂,59,68.80,68.80
799,焦作影视城,焦作,28,31.40,31.40
800,湟川三峡,清远,53,42.00,42.00
801,仙台山景区,石家庄,0,19.90,39.00
802,绿石谷国家森林公园,本溪,12,39.00,39.00
803,百大万美温泉水上乐园,葫芦岛,7,100.00,100.00
804,天下第一关,秦皇岛,230,23.50,40.00
805,老龙头景区,秦皇岛,555,1.00,48.50
806,伏尔加庄园,哈尔滨,40,50.00,90.00
807,通程温泉,长沙,0,65.00,155.00
808,咸阳海泉湾,咸阳,26,140.00,156.00
809,大连贝壳博物馆,大连,57,64.87,64.87
810,光合谷天沐温泉,天津,4,67.00,106.00
811,杭州长乔极地海洋公园,杭州,2248,360.00,360.00
812,庞贝古城,庞贝,19,11.00,160.00
813,禅宗少林音乐大典,郑州,55,207.00,219.00
814,龙潭沟风景区,南阳,10,27.00,50.00
815,富力红树湾红树林湿地保护公园,澄迈县,33,40.00,40.00
816,文渊狮城旅游度假区,杭州,17,64.50,64.50
817,大自然健康浴馆（玄武店）,潍坊,0,45.00,58.00
818,雅典皇宫洗浴,泰安,0,49.90,49.90
819,浅海沐府,潍坊,0,44.00,173.00
820,南湾猴岛生态旅游区,陵水县,526,40.00,147.00
821,九华大王洞,池州,25,69.00,75.00
822,正佳雨林生态植物园,广州,152,85.00,145.00
823,鼓浪屿游船,厦门,887,29.00,48.00
824,源脉温泉园,福州,34,106.00,106.00
825,朱雀国家森林公园,西安,47,22.50,43.00
826,巴塞罗那毕加索博物馆,巴塞罗那,137,45.00,162.00
827,三亚湾红树林亚马逊丛林水乐园,三亚,19,63.50,71.40
828,香山国际游艇俱乐部,厦门,3,55.00,55.00
829,济南马套将军山度假区,济南,3,27.00,27.00
830,圣马可教堂,威尼斯,8,15.00,115.00
831,六旗冒险乐园,杰克逊,0,538.00,538.00
832,香根温泉,青岛,0,78.00,89.90
833,江南春温泉,郑州,13,98.00,128.00
834,木兰花乡,武汉,92,35.00,65.00
835,赛金花故居,黄山,1,24.00,37.00
836,岳王庙,杭州,455,1.50,25.00
837,百里荒生态旅游区,宜昌,13,50.00,50.00
838,苏州网师园,苏州,271,3.99,100.00
839,卓尔山,海北,13,80.00,80.00
840,巴厘岛水上乐园,巴厘岛,28,113.00,177.00
841,西山,贵港,293,64.95,64.95
842,海龙屯,遵义,21,60.00,60.00
843,翠云廊,广元,51,32.00,32.00
844,守拙园,黄山,34,40.00,70.00
845,邯郸方特国色春秋,邯郸,190,199.00,280.00
846,奥兰多环球影城,奥兰多,244,500.00,1418.00
847,五指山红峡谷漂流,五指山市,176,38.00,168.00
848,春秋寨,襄阳,8,72.00,156.00
849,厚田沙漠,南昌,23,12.00,23.00
850,景星岩,台州,3,44.00,44.00
851,Wild Wild Wet水上乐园,新加坡市,6,95.00,158.00
852,澜韵清泉,廊坊,0,18.00,67.00
853,摩力圣汇酒店温泉（鞍山店）,鞍山,0,43.00,198.00
854,汤泉时代温泉,长春,0,49.00,49.00
855,弘安丽水汤泉,长春,0,32.00,88.00
856,全明星号人妖梦幻秀场,芭堤雅,44,178.00,279.00
857,博鳌亚洲湾水上乐园,琼海市,6,94.00,111.00
858,马蹄寺,张掖,13,65.00,65.00
859,美泉宫,维也纳,24,185.00,245.00
860,上海安徒生童话乐园,上海,70,49.90,49.90
861,汉太史司马迁祠墓,渭南,0,71.00,71.00
862,中国翰园,开封,16,18.30,33.90
863,汉陵苑,扬州,38,24.00,29.00
864,悉尼水上乐园,悉尼,0,245.00,275.00
865,都江堰熊猫乐园,成都,122,52.00,53.00
866,黄河军事文化博览园,银川,8,24.00,48.00
867,通天岩,赣州,22,28.30,28.30
868,上海电影博物馆,上海,54,31.00,54.00
869,快乐谷旅游区,十堰,4,45.00,99.00
870,仙桥地下河,清远,11,68.00,68.00
871,金沙遗址博物馆,成都,1237,7.00,66.00
872,凤娃古寨,武汉,9,33.81,54.86
873,京都铁道博物馆,京都,0,10.00,68.00
874,文成公主实景剧场,拉萨,302,323.00,408.00
875,梦回明朝永乐01号,三亚,0,200.00,200.00
876,里斯本海洋馆,里斯本,5,119.00,160.00
877,张家界天门山国家森林公园,张家界,5650,116.00,278.00
878,海南热带飞禽世界,定安县,37,24.80,35.00
879,黄石旅游年卡,黄石,16,100.00,100.00
880,古崖居,北京,43,0.00,52.00
881,水立方汗蒸会馆（舒城店）,六安,0,9.90,29.00
882,丹江大观苑,南阳,71,89.90,162.90
883,伦敦水族馆,伦敦,2,180.00,180.00
884,芙蓉洞,重庆,7,110.00,150.00
885,肇庆七星岩,肇庆,914,67.50,69.70
886,上海乐高探索中心,上海,37,196.50,196.50
887,三鹰之森吉卜力美术馆,东京,5500,35.00,80.00
888,南宋石刻公园,宁波,22,20.00,44.90
889,首尔手办博物馆W,首尔,0,61.00,70.00
890,陕西秦岭悠然山高山湿地景区,西安,0,38.50,68.50
891,大理海洋世界,大理,5,108.00,236.00
892,大别山石窟风景区,六安,41,30.00,60.00
893,云栖竹径,杭州,137,4.00,8.00
894,渔岛海洋温泉景区,秦皇岛,168,2.50,47.15
895,上海动物园,上海,2108,1.00,38.70
896,厦门海底世界,厦门,89,56.00,106.00
897,明月山维景国际温泉,宜春,29,122.20,122.20
898,东部华侨城,深圳,1868,22.00,146.50
899,藏文化博物院,西宁,44,59.00,59.00
900,五千年文博园,安庆,36,50.00,236.00
901,五莲山风景区,日照,35,2.00,57.60
902,苏州塔高海洋萌宠馆,苏州,16,29.50,29.50
903,张公山寨,武汉,14,29.97,48.19
904,上海杜莎夫人蜡像馆,上海,179,137.80,196.00
905,明月山,宜春,383,81.33,81.95
906,黄金寨,石家庄,39,47.18,47.18
907,吉隆坡城中城水族馆,吉隆坡,24,80.00,86.00
908,胡志明金融塔,胡志明,7,45.00,68.00
909,张掖大佛寺,张掖,57,38.00,38.00
910,白水寨,广州,197,55.80,55.80
911,郎德苗寨,黔东南,17,49.00,49.00
912,老界岭,南阳,59,97.00,135.00
913,SEA LIFE海洋探索中心,新山,0,96.00,121.00
914,胡雪岩故居,杭州,164,10.00,20.00
915,龙川景区,宣城,110,38.00,63.80
916,南粤苑,广州,39,25.00,38.00
917,天子山瀑布景区,清远,11,33.00,42.00
918,秦陵地宫,西安,10,43.00,43.00
919,黄龙洞,杭州,25,7.50,15.00
920,橘园美术馆,巴黎,345,105.00,110.00
921,鹅泉,百色,44,37.68,37.68
922,枫香谷温泉,本溪,0,118.00,118.00
923,李光前自然历史博物馆,新加坡市,4,88.00,128.00
924,札幌电视塔展望台,北海道,0,27.00,37.00
925,太平山观光索道,青岛,93,139.80,139.80
926,安菲尔德球场(利物浦主场),利物浦,0,258.00,258.00
927,宝山前野生动物园,临沂,45,34.60,59.80
928,狼牙山景区,保定,34,1.00,78.00
929,世界八大奇迹馆,西安,5,36.00,36.00
930,京杭大运河杭州景区,杭州,132,5.00,110.00
931,八公山风景区,淮南,33,40.00,40.00
932,贵州极地海洋世界,贵阳,26,121.00,174.88
933,墨田水族馆,东京,2,139.00,139.00
934,富国岛SAFARI野生动物园,富国岛,10,149.00,199.00
935,富国岛珍珠游乐园,富国岛,6,255.00,288.00
936,威海天沐温泉,威海,38,56.00,134.00
937,芭堤雅绵羊牧场,芭堤雅,0,65.00,65.00
938,蒙特利亲子乐园,苏州,13,40.00,40.00
939,观复博物馆,北京,24,85.80,85.80
940,千年瑶寨,清远,180,45.00,106.00
941,思念果岭悦温泉,郑州,0,38.00,38.00
942,埃菲尔铁塔,巴黎,221,37.00,318.00
943,五道峡,襄阳,93,90.00,90.00
944,香水河,襄阳,24,96.00,96.00
945,热那亚水族馆,热那亚,6,118.00,195.00
946,石根山,茂名,7,26.50,139.00
947,云瀑洞天,临沂,80,59.60,59.60
948,荣氏梅园,无锡,43,52.99,53.60
949,江村,宣城,3,24.00,45.00
950,国家地理探险家中心（珠海横琴）,珠海,125,88.00,88.00
951,青岛贝壳博物馆,青岛,11,65.00,65.00
952,竹博园,湖州,756,40.00,80.00
953,台北故宫博物院,台北,0,88.00,88.00
954,富士急游乐园,山梨,173,96.00,96.00
955,东京乐高探索中心,东京,6,155.00,155.00
956,万州大瀑布,重庆,54,83.00,83.00
957,秀里影视村,黄山,10,35.00,50.00
958,宋氏祖居,文昌市,119,6.50,11.00
959,雁门关,忻州,606,0.90,79.38
960,浮戏山雪花洞,郑州,60,29.90,29.90
961,水濂山乐民游艺园,东莞,13,58.00,88.00
962,郑州黄河文化公园,郑州,28,22.00,45.00
963,英雄三岛战地观光园,厦门,107,19.00,36.50
964,浪琴湾,江门,25,7.00,13.20
965,党家村,渭南,34,43.00,43.00
966,景德镇古窑民俗博览区,景德镇,634,45.00,85.00
967,正佳自然科学博物馆,广州,69,48.00,58.00
968,连岛海滨旅游度假区,连云港,2127,25.00,44.05
969,交运两坝一峡,宜昌,507,68.00,208.00
970,东寨港红树林保护区,海口,18,55.00,55.00
971,海南铜鼓岭景区,文昌市,449,39.00,39.00
972,四明山国家地质公园,宁波,18,34.00,34.00
973,紫薇都市田园,武汉,24,33.97,52.00
974,五公祠,海口,31,18.98,18.98
975,渔湾风景区,连云港,180,36.60,36.60
976,白云温泉山庄,清远,0,66.00,66.00
977,封开国家地质公园,肇庆,0,19.80,99.00
978,香蜜山果庄,广州,0,26.00,26.00
979,玉溪第三洞,阳江,12,19.90,35.16
980,青岛电影博物馆,青岛,19,51.00,51.00
981,乐民海洋世界,东莞,0,30.00,40.00
982,深圳欢乐谷,深圳,1062,98.30,226.00
983,阳产土楼,黄山,29,28.00,28.00
984,荷里路德宫,爱丁堡,0,99.00,159.00
985,汉堡微缩景观世界,汉堡,0,168.00,168.00
986,白云温泉山庄,清远,0,66.00,66.00
